Tracks x Players,Demitri,Pat,Chris,Joe,Shane,Mike,Kevin,Matt,Jason,Karla,Callum,John,Danny,Henry
Seasonal Placement Points,103.73216472156406,126.81665503351189,91.3197757574734,22.26679388462358,4.387839812744082,21.788724706366963,115.27721097903512,1.060141800392,0.12077025289843749,6.006849073933233,0.809304677714625,0.2593945478925431,1.7857389893978606,0.5485921455915851
