Tracks x Players,Demitri,Pat,Chris,Joe,Shane,Mike,Kevin,Matt,Jason,Karla,Callum
Seasonal Placement Points,87.791438589917,98.41083838097344,81.27555247175133,19.756239894016247,5.356754393487377,5.411499871163739,118.69537169721978,1.4673242912,0.167156059375,8.035212683562351,1.12014488265
