Tracks x Players,Demitri,Pat,Chris,Joe,Shane,Mike,Kevin,Matt,Jason,Karla,Callum,John,Danny,Henry
Seasonal Placement Points,93.47457000502808,109.55431926821183,85.81572940011802,18.54680513852053,4.553241234464271,13.08772992084105,129.49453642635117,1.2472256475199999,0.14208265046875,6.915351975154465,0.9521231502524999,0.3051700563441684,0,0
