Tracks x Players,Demitri,Pat,Chris,Joe,Shane,Mike,Kevin,Matt,Jason,Karla,Callum
Seasonal Placement Points,74.99272337,84.23864245,75.24114874,22.38973502,6.260459107,6.007975008,103.7782026,1.726263872,0.1966541875,9.080781441,1.317817509